info_losses,info_scores,n_informative
63.59251826673611,0.525,1
21.280344750146945,0.5625,10
-14.557846452534754,0.75,20
-27.112534964904718,0.8,30
-27.958220065708495,0.875,40
-19.03332467631188,0.7625,50
-3.0038992635121744,0.7125,60
-31.30168857727623,0.825,70
2.130569734459492,0.775,80
